File,Accuracy, recall,precision,f_score,auc
ALL_data.,0.9977572831852225,0.39272871496562667,0.71394593645223,0.5049697352375212,0.8998103770802752
