File,Accuracy, recall,precision,f_score,auc
ALL_data.,0.9977572829565198,0.3878106821787414,0.7188620907271489,0.5021877079799891,0.8949340880039152
