File,Accuracy, recall,precision,f_score,auc
ALL_data.,0.9977285908388458,0.38942358540454786,0.7058516460299142,0.5000837501919714,0.9006552572518632
